{
  "specification": {
    "type": "object",
    "additionalProperties": false,
    "properties": {
      "name": {
        "type": "string",
        "default": ""
      },
      "title": {
        "type": "string",
        "default": ""
      },
      "version": {
        "type": "string",
        "default": ""
      },
      "description": {
        "type": "string",
        "default": ""
      },
      "configuration": {
        "type": "object",
        "default": {}
      },
      "agents": {
        "type": "array",
        "items": {
          "type": "integer"
        },
        "default": [1]
      },
      "reward": {
        "type": "object",
        "default": { "type": ["number", "null"], "default": 0 }
      },
      "info": {
        "type": "object",
        "default": {}
      },
      "observation": {
        "type": "object",
        "default": {}
      },
      "action": {
        "type": "object",
        "default": { "type": "integer", "default": 0 }
      },
      "status": {
        "type": "object",
        "default": {}
      }
    }
  },
  "configuration": {
    "type": "object",
    "additionalProperties": true,
    "properties": {
      "episodeSteps": {
        "description": "Maximum number of steps in the episode.",
        "type": "integer",
        "minimum": 1,
        "default": 1000
      },
      "actTimeout": {
        "description": "Maximum runtime (seconds) to obtain an action from an agent.",
        "type": "number",
        "minimum": 0,
        "default": 6
      },
      "runTimeout": {
        "description": "Maximum runtime (seconds) of an episode (not necessarily DONE).",
        "type": "number",
        "minimum": 0,
        "default": 1200
      }
    }
  },
  "state": {
    "type": "object",
    "additionalProperties": false,
    "properties": {
      "action": {
        "description": "Value returned from the agent based on the observation.",
        "type": "integer",
        "default": 0
      },
      "reward": {
        "description": "Reward generated by agent action(s).",
        "type": "number",
        "default": 0
      },
      "info": {
        "description": "Additional infomation; not available for evaluation.",
        "type": "object",
        "default": {}
      },
      "observation": {
        "description": "Observation to create an action based upon.",
        "type": "object",
        "additionalProperties": true,
        "properties": {
          "remainingOverageTime": {
            "description": "Total remaining banked time (seconds) that can be used in excess of per-step actTimeouts -- agent is disqualified with TIMEOUT status when this drops below 0.",
            "shared": false,
            "type": "number",
            "minimum": 0,
            "default": 12
          },
          "step": {
            "description": "Current step within the episode.",
            "type": "integer",
            "shared": true,
            "minimum": 0,
            "default": 0
          }
        },
        "default": {}
      },
      "status": {
        "description": "Agent status caused by stepping through the environment.",
        "type": "string",
        "default": "ACTIVE",
        "enum": ["INACTIVE", "ACTIVE", "DONE", "ERROR", "INVALID", "TIMEOUT"]
      }
    }
  }
}
