{
  "OK": {
    "code": 0,
    "status": 200
  },
  "CANCELLED": {
    "code": 1,
    "status": 499
  },
  "UNKNOWN": {
    "code": 2,
    "status": 500
  },
  "INVALID_ARGUMENT": {
    "code": 3,
    "status": 400
  },
  "DEADLINE_EXCEEDED": {
    "code": 4,
    "status": 504
  },
  "NOT_FOUND": {
    "code": 5,
    "status": 404
  },
  "ALREADY_EXISTS": {
    "code": 6,
    "status": 409
  },
  "PERMISSION_DENIED": {
    "code": 7,
    "status": 403
  },
  "UNAUTHENTICATED": {
    "code": 16,
    "status": 401
  },
  "RESOURCE_EXHAUSTED": {
    "code": 8,
    "status": 429
  },
  "FAILED_PRECONDITION": {
    "code": 9,
    "status": 400
  },
  "ABORTED": {
    "code": 10,
    "status": 409
  },
  "OUT_OF_RANGE": {
    "code": 11,
    "status": 400
  },
  "UNIMPLEMENTED": {
    "code": 12,
    "status": 501
  },
  "INTERNAL": {
    "code": 13,
    "status": 500
  },
  "UNAVAILABLE": {
    "code": 14,
    "status": 503
  },
  "DATA_LOSS": {
    "code": 15,
    "status": 500
  }
}
