{
  "name": "rps",
  "title": "Rock Paper Scissors",
  "description": "Repeated Rock Paper Scissors",
  "version": "1.0.0",
  "agents": [2],
  "configuration": {
    "signs": {
      "description": "Number of choices each step (Rock = 0, Paper = 1, Scissors = 2, etc).",
      "type": "integer",
      "minimum": 3,
      "maximum": 5,
      "default": 3
    },
    "episodeSteps": {
      "description": "Maximum number of steps the environment can run. Total is this number -1.",
      "type": "integer",
      "minimum": 2,
      "default": 1000
    },
    "tieRewardThreshold": {
      "description": "Minimum reward needed to achieve a win rather than a tie.",
      "type": "integer",
      "minimum": 1,
      "maximum": 1000,
      "default": 20
    },
    "agentTimeout": {
      "description": "Obsolete field kept for backwards compatibility, please use observation.remainingOverageTime.",
      "type": "number",
      "minimum": 0,
      "default": 60
    },
    "actTimeout": 1
  },
  "reward": {
    "description": "-1 = Lost, 0 = Draw, 1 = Won",
    "enum": [-1, 0, 1],
    "default": 0
  },
  "observation": {
    "lastOpponentAction": {
      "description": "Symbol returned by opponent last step. None on the first step.",
      "type": "integer",
      "minimum": 0,
      "maximum": 4
    },
    "remainingOverageTime": 60,
    "reward": {
      "description": "Current reward of the agent.",
      "type": "integer",
      "minimum": -999,
      "maximum": 999,
      "default": 0
    }
  },
  "action": {
    "description": "Choice of sign for the step (Rock = 0, Paper = 1, Scissors = 2, etc)",
    "type": "integer",
    "minimum": 0,
    "maximum": 4
  }
}
