{
  "name": "lux_ai_2021",
  "title": "Lux AI Challenge: 2021",
  "description": "A Novel AI Programming Challenge about Lux",
  "version": "3.1.0",
  "agents": [2],
  "configuration": {
    "episodeSteps": {
      "description": "Maximum number of steps the environment can run. Total is this number -1. One complete game is 360 steps",
      "type": "integer",
      "minimum": 2,
      "default": 361
    },
    "parameters": {
      "description": "Parameters for Lux AI 2021",
      "type": "object"
    },
    "mapType": {
      "description": "Map type to use",
      "type": "string",
      "default": "random"
    },
    "width": {
      "description": "Width of map to generate",
      "type": "integer"
    },
    "seed": {
      "description": "Seed to use for episodes",
      "type": "integer"
    },
    "annotations": {
      "description": "Whether to enable debug annotations or not.",
      "type": "boolean",
      "default": false
    },
    "actTimeout": 3,
    "loglevel": {
      "description": "Logging level of the game. 2 for warnings (e.g unit collisions, malformed actions), 1 for errors, 0 for none",
      "type": "integer",
      "default": 0
    }
  },
  "reward": {
    "description": "Reward of the agent. Equal to number of city tiles * 1000 + number of units",
    "type": "integer",
    "default": 0
  },
  "observation": {
    "remainingOverageTime": 60,
    "width": {
      "description": "The width of the map",
      "type": "integer",
      "shared": true,
      "default": 12
    },
    "height": {
      "description": "The height of the map",
      "type": "integer",
      "shared": true,
      "default": 12
    },
    "reward": {
      "description": "Current reward of the agent. Equal to number of city tiles * 10000 + number of units",
      "type": "integer",
      "default": 0
    },
    "updates": {
      "description": "List of update strings for agents to use and generate the observed state",
      "type": "array",
      "shared": true,
      "items": {
        "type": "string"
      }
    },
    "globalUnitIDCount": {
      "description": "Used purely to ensure state is the exact same including generated IDs",
      "type": "integer",
      "shared": true,
      "default": 0
    },
    "globalCityIDCount": {
      "description": "Used purely to ensure state is the exact same including generated IDs",
      "type": "integer",
      "shared": true,
      "default": 0
    },
    "player": {
      "description": "Current player's index / team id",
      "type": "integer",
      "defaults": [0, 1]
    }
  },
  "action": {
    "description": "Actions",
    "type": "array",
    "items": {
      "type": "string"
    }
  }
}
