{
  "name": "space_minor",
  "title": "Space Miner 1",
  "description": "Simple resource search/mining combinatorial game based on kaggle Halite.",
  "version": "0.0.1",
  "agents": [1, 2, 4],
  "configuration": {
    "episodeSteps": 400,
    "startingVibranium": {
      "description": "The starting amount of vibranium available on the board.",
      "type": "integer",
      "default": 24000
    },
    "size": {
      "description": "The number of cells vertically and horizontally on the board.",
      "type": "integer",
      "default": 21,
      "minimum": 2
    },
    "spawnCost": {
      "description": "The amount of vibranium needed to spawn a new ship.",
      "type": "integer",
      "default": 500,
      "minimum": 0
    },
    "convertCost": {
      "description": "The amount of vibranium needed to convert a ship into a shipyard.",
      "type": "integer",
      "default": 500,
      "minimum": 0
    },
    "moveCost": {
      "description": "The percent deducted from ship's current vibranium per move.",
      "type": "number",
      "default": 0,
      "minimum": 0
    },
    "jumpCost": {
      "description": "The percent deducted from ship's current vibranium per jump.",
      "type": "number",
      "default": 0,
      "minimum": 0
    },
    "collectRate": {
      "description": "The rate of vibranium collected by a ship from a cell by not moving.",
      "type": "number",
      "default": 0.25,
      "minimum": 0
    },
    "regenRate": {
      "description": "The rate vibranium regenerates on the board.",
      "type": "number",
      "default": 0.02,
      "minimum": 0
    },
    "maxCellVibranium": {
      "description": "The maximum vibranium that can be in any cell.",
      "type": "integer",
      "default": 500,
      "minimum": 0
    },
    "randomSeed": {
      "description": "The seed used to initialize the random number generator.",
      "type": "integer",
      "default": null
    },
    "agentTimeout": {
      "description": "Obsolete field kept for backwards compatibility, please use observation.remainingOverageTime.",
      "type": "number",
      "minimum": 0,
      "default": 60
    },
    "actTimeout": 3,
    "runTimeout": 9600
  },
  "reward": {
    "description": "The amount of player owned vibranium (equal to players[index][0]) if the player has not been eliminated, else step_eliminated - episode_steps - 1.",
    "type": "integer",
    "default": 5000
  },
  "observation": {
    "vibranium": {
      "description": "Serialized list of available vibranium per cell on the board.",
      "type": "array",
      "shared": true,
      "items": {
        "type": "integer",
        "minimum": 0
      }
    },
    "players": {
      "description": "List of players and their assets.",
      "type": "array",
      "shared": true,
      "items": {
        "type": "array",
        "items": [
          {
            "description": "Vibranium: The amount player owned vibranium (equal to reward).",
            "type": "integer",
            "minimum": 0
          },
          {
            "description": "Shipyards: The list of player owned shipyards.",
            "type": "object",
            "additionalProperties": {
              "description": "Key: uid of the asset (shipyard). Value: position (row * size + column)",
              "type": "integer",
              "minimum": 0
            }
          },
          {
            "description": "Ships: The list of player owned ships.",
            "type": "object",
            "additionalProperties": {
              "description": "Key: uid of the asset (ship).",
              "type": "array",
              "items": [
                {
                  "description": "Position: (row * size + column).",
                  "type": "integer",
                  "minimum": 0
                },
                {
                  "description": "Ship Vibranium: The amount present in a ship.",
                  "type": "integer",
                  "default": 0,
                  "minimum": 0
                }
              ]
            }
          }
        ]
      }
    },
    "player": {
      "description": "The current agent's player index.",
      "type": "integer",
      "defaults": [0, 1, 2, 3]
    },
    "remainingOverageTime": 60
  },
  "action": {
    "description": "Actions taken per asset (ship or shipyard).",
    "type": "object",
    "additionalProperties": {
      "description": "Key: uid of the asset. Value: action. SPAWN for shipyards, remaining for ships.",
      "enum": ["CONVERT", "SPAWN", "NORTH", "SOUTH", "EAST", "WEST", "JUMP"]
    }
  }
}
